HV_1,-101.570865,-137.665746,-32.241297
HV_2,-105.60234,-139.173143,-36.903247
HV_3,-84.5186932,-198.718009,29.4065967
HV_4,-78.8259206,-205.303933,8.44653453
HV_5,-92.5912196,-209.016974,2.68114809
HV_6,-74.0042848,-219.993809,5.96355193
HV_7,-81.201883,-198.08547,24.0800367
HV_8,-58.581989,-191.700899,-56.8170677
HV_9,-62.6339423,-158.406072,26.715225
HV_10,-62.7156509,-156.829276,32.1876291
HV_11,-145.566876,-124.268865,67.5479862
HV_12,-152.58749,-107.599763,32.8488992
HV_13,-139.653562,-110.922962,41.5958364
HV_14,-143.813414,-125.769444,72.2402524
HV_15,-145.54592,-125.840083,63.6244251
HV_16,-154.898832,-110.793263,55.7709858
HV_17,-136.053815,-118.485828,42.6897652
HV_18,-149.583746,-110.483474,63.0481901
HV_19,-77.8715846,-142.724125,-43.7934557
HV_20,-72.4343511,-210.601604,60.9320269
HV_21,176.597595,129.977866,-109.09812
HV_22,112.484204,74.7775183,-197.655237
HV_23,111.381881,77.6869418,-203.218657
HV_24,115.414187,64.9665623,-199.03674
HV_25,123.766514,80.7231767,-175.450405
HV_26,115.385152,63.9367228,-198.831847
HV_27,115.395036,70.6249984,-196.089725
HV_28,172.967431,70.4756624,-162.284195
HV_29,190.829741,70.3640793,-183.9782
HV_30,166.890597,87.4660452,-151.077561
HV_31,174.552871,74.3581831,-156.197921
HV_32,172.094627,69.8240329,-170.988125
HV_33,87.5281273,-22.9519386,59.3612519
HV_34,76.7540012,-7.95819612,78.724501
HV_35,76.5550593,-11.0679387,78.2592571
HV_36,19.5742849,-45.9346128,167.234357
HV_37,13.0525394,-45.3131957,168.462779
HV_38,21.1909623,-41.9514988,166.466304
HV_39,19.802007,-49.1891615,162.818428
HV_40,22.272009,-48.3587747,171.397613
HV_41,138.756908,-55.4887465,109.489132
HV_42,103.170221,-42.6665617,85.4844372
HV_43,71.5179311,-73.6548562,74.3224353
HV_44,69.7330511,-73.6685628,80.3031167
HV_45,66.0369166,-65.5098726,50.6516055
HV_46,70.3266574,-75.2743866,72.3257312
HV_47,107.574377,-105.542337,18.8231212
HV_48,112.362095,-66.5141633,22.6940781
HV_49,112.257508,-87.931885,15.7669606
HV_50,119.938941,-88.2400298,16.5698401
HV_51,97.8242795,-93.0354218,9.13943488
HV_52,111.665941,-108.16453,21.3401803
HV_53,108.128404,-107.039342,13.5748683
HV_54,109.622495,-83.3543898,17.5072545
HV_55,103.404766,-108.540354,20.4667498
HV_56,112.884658,-78.4833687,2.87204017
HV_57,117.134325,-78.2086248,-10.750467
HV_58,128.741895,-90.3194291,131.150006
HV_59,30.9261746,-69.2348115,119.643424
HV_60,32.7201725,-68.8308935,115.844492
HV_61,133.425089,-109.464319,74.8995265
HV_62,114.556458,-96.4151273,75.5250605
HV_63,103.073588,-43.3553954,65.8818485
HV_64,109.569339,-39.4747013,61.8643457
HV_65,95.1009306,-46.2698333,60.3029212
HV_66,39.5103863,-52.3877313,57.3467543
HV_67,39.1157267,-54.8601575,53.9535718
HV_68,37.0885946,-46.0711772,51.7008981
HV_69,30.0562656,-56.1696305,59.9899948
HV_70,58.8522119,-111.551871,77.6361507
HV_71,60.0524142,-120.024766,69.7180485
HV_72,59.5721992,-101.399246,60.0666097
HV_73,70.9655018,-107.998816,54.1296947
HV_74,39.2934717,-52.9312981,58.2234335
HV_75,39.4710575,-43.1135894,65.5367197
HV_76,130.83671,-44.881776,59.7115512
HV_77,105.648621,-81.9082835,100.220301
HV_78,109.025348,-81.0904889,97.8567286
HV_79,153.952708,-63.8645564,67.3514835
HV_80,160.268416,-58.9801068,64.850065
HV_81,69.723869,-78.8420769,31.2851026
HV_82,52.9396855,-43.2086098,125.329415
HV_83,95.0622564,-27.7145922,78.0597927
HV_84,86.116442,-124.047333,96.0648337
HV_85,85.7369353,-116.95234,91.4213521
HV_86,86.0173061,-114.069354,90.1279795
HV_87,111.638138,-88.801358,112.598128
HV_88,61.5339569,-25.1136906,134.529518
HV_89,87.5910099,-11.4356612,117.591993
HV_90,-30.4139392,101.975429,-103.990506
HV_91,-18.3162119,105.180009,-106.658732
HV_92,-33.7894393,102.04223,-109.48634
HV_93,-52.5947315,81.0287863,-81.8806977
HV_94,2.92424335,145.640683,-14.5884515
HV_95,7.32369001,137.83795,-31.5388042
HV_96,1.53465612,142.831525,-19.8083901
HV_97,-21.0813161,146.612453,-45.1236305
HV_98,-20.2152732,141.149564,-45.0174646
HV_99,-21.0106952,167.564065,-40.026019
HV_100,-17.99314,161.619667,-43.7038157
HV_101,-14.7840311,163.477392,-45.877765
HV_102,-0.141076244,198.283147,-52.4102541
HV_103,-78.5487043,121.957286,25.0117224
HV_104,-85.9818665,131.152295,32.9872999
HV_105,-97.5535436,139.773903,43.2187728
HV_106,-77.7019762,119.044895,27.9674956
HV_107,-54.401196,113.777703,9.80714151
HV_108,-51.7427073,100.263545,16.9811983
HV_109,-103.600222,159.986211,1.26738813
HV_110,-84.1537321,119.519984,17.680665
HV_111,-20.5360435,132.596897,-67.3421499
HV_112,-23.5147954,127.669734,-71.927273
HV_113,-23.454879,138.934982,-76.5622464
HV_114,-9.64773389,135.211412,-74.4612897
HV_115,-71.9459374,74.8944665,-38.6486713
HV_116,-74.8724765,107.309422,-40.7199185
HV_117,-48.9866086,113.215241,-34.9028466
HV_118,-49.0967717,114.094441,-34.3366064
HV_119,-36.8955819,110.777369,-36.990971
HV_120,-40.592022,103.963243,-45.6329831
HV_121,-36.6294739,101.056492,-30.1883617
HV_122,-52.356138,112.100153,-37.0260394
HV_123,-105.969791,109.884858,-13.685
HV_124,-39.0406223,141.165207,-44.1369261
HV_125,-65.480231,144.916328,-48.0189688
HV_126,-42.9770998,147.037257,-49.0534688
HV_127,-44.9835729,136.145616,-64.8395783
HV_128,-37.0121482,145.781829,-40.0117149
HV_129,-1.08575951,107.699683,-58.8245399
HV_130,0.14017099,112.458844,-60.7547249
HV_131,-86.2325688,85.6945292,-47.8443315
HV_132,-44.9032207,-127.636866,-127.31699
HV_133,-43.3019178,-122.698296,-130.948087
HV_134,-45.2534124,-134.520316,-132.33772
HV_135,-81.2196166,-114.010067,-97.4767259
HV_137,-73.7985152,-114.355128,-95.9078249
HV_138,97.3395526,202.882892,63.3743455
HV_139,-0.676360718,-207.191106,-57.4355326
HV_140,-3.79341884,-196.895456,-56.8470711
HV_141,-4.05667759,-193.833896,-62.4377976
HCDR3_1,31.4686745,10.4293155,-87.2815604
HCDR3_2,18.8116748,-6.61834893,-100.616328
HCDR3_3,29.4800125,10.5233621,-91.2779681
HCDR3_4,21.49536,-9.19164413,-103.247486
HCDR3_5,23.2253737,-5.32303199,-72.7084015
HCDR3_6,16.2632247,-19.3008763,-85.2841444
HCDR3_7,22.5043062,-3.91783377,-78.6301607
HCDR3_8,30.944661,-3.10548164,-81.4367679
HCDR3_9,24.6622815,-31.9595023,-65.4875705
HCDR3_10,29.8798448,-30.1272471,-61.0400489
HCDR3_11,33.6666502,-16.095296,-55.2812447
HCDR3_12,31.4283672,-7.83091979,-59.8408532
HCDR3_13,33.462475,-12.6546576,-57.8263189
HCDR3_14,28.726005,-35.5838119,-63.333744
HCDR3_15,30.3380881,-15.1070746,-59.1912603
HCDR3_16,27.8658074,-29.213874,-66.0443351
HCDR3_17,22.2156417,-26.0502414,-68.9549525
HCDR3_18,27.804642,-9.97131702,-62.787464
HCDR3_19,48.3738934,3.90239865,-66.514185
HCDR3_20,39.4691553,-13.576463,-60.0630587
HCDR3_21,48.2458367,-20.2419056,-57.8923806
HCDR3_22,23.6243424,-31.3493993,-71.0187441
HCDR3_23,43.1719116,-13.7717147,-62.0968054
HCDR3_24,20.4335405,12.9234685,-63.8473681
HCDR3_25,20.0447688,-11.3866055,-49.200733
HCDR3_26,25.474136,-15.5661431,-45.5762323
HCDR3_27,14.2121588,-9.68828177,-52.6748145
HCDR3_28,17.5598937,-36.8469276,-48.517613
HCDR3_29,2.970396,-33.3692545,-56.5220893
HCDR3_30,7.70480823,-33.8604843,-54.5461905
HCDR3_31,7.96752347,-42.0942809,-49.7705455
HCDR3_32,3.40412505,-41.9063669,-52.1139801
HCDR3_33,7.11506164,-47.727206,-54.4061308
HCDR3_34,1.97653901,-5.10008104,-64.197345
HCDR3_35,19.3806033,19.8825673,-55.1140233
HCDR3_36,-15.0345382,-30.2678698,-56.0659338
HCDR3_37,46.35276,3.47213064,-36.1848457
HCDR3_38,14.1707197,-9.69701691,-41.7902767
HCDR3_39,9.5495928,-3.40772132,-43.9700429
HCDR3_40,-12.3171576,-11.7303575,-54.8347583
HCDR3_41,-4.30760123,-10.1894541,-55.2874796
HCDR3_42,1.88833637,-31.7449161,-43.9741397
HCDR3_43,25.0938892,-18.8893236,-36.1230214
HCDR3_44,18.5842858,-34.7501188,-38.2399446
HCDR3_45,23.8880018,-16.5039936,-37.4737916
HCDR3_46,36.0958212,-19.6516295,-34.4265796
HCDR3_47,37.929949,1.86993435,-36.7992366
HCDR3_48,16.2563067,-36.663802,-39.7767469
HCDR3_49,17.2546881,12.3573261,-52.5906152
HCDR3_50,1.61676584,6.32408371,-56.1773674
HCDR3_51,38.8270259,5.45934051,-38.8811515
HCDR3_52,-1.11879726,-27.7409952,-49.0757522
HCDR3_53,8.62835449,-9.21092337,-45.3539088
HCDR3_54,40.3902798,-17.563991,-31.0513033
HCDR3_55,-7.23808163,-11.6148026,-58.7993958
HCDR3_56,9.98586311,-35.5206375,-39.1643324
HCDR3_57,35.3460259,4.28703066,-40.5056181
HCDR3_58,-5.6413625,-30.4443115,-48.4251455
HCDR3_59,2.78746804,-12.1090665,-44.9998406
HCDR3_60,35.1276793,10.5338897,-42.035432
HCDR3_61,-10.0212818,-45.2040949,-55.6254028
HCDR3_62,-14.2728269,6.32171419,-80.9357977
HCDR3_63,53.0718936,14.0615121,-41.0030313
HCDR3_64,51.3821647,17.3121929,-43.6251754
HCDR3_65,-14.9466335,-41.1488166,-60.4565782
HCDR3_66,8.89076794,24.8903137,-48.9647997
HCDR3_67,11.2399571,-24.5014584,-30.7100496
HCDR3_68,15.8466094,-1.03667217,-27.3601868
HCDR3_69,0.264672461,21.2788801,-48.4954494
HCDR3_70,29.4938925,13.791435,-26.1016785
HCDR3_71,14.949781,-5.49432506,-24.3688781
HCDR3_72,6.05085489,-37.1694268,-28.1016279
HCDR3_73,31.2390926,-26.1461314,-17.8365359
HCDR3_74,24.2760165,-12.7835216,-24.26125
HCDR3_75,36.4530276,11.7910664,-22.9103074
HCDR3_76,8.4756601,2.06241488,-32.6485452
HCDR3_77,7.52901405,-15.0011582,-33.2832015
HCDR3_78,7.69536489,-4.45078359,-27.1232235
HCDR3_79,10.2293083,-42.0527325,-30.1250886
HCDR3_80,30.2898342,22.7817416,-28.6229547
HCDR3_81,2.14395209,-4.16928368,-38.7844028
HCDR3_82,40.0345534,-20.6653505,-9.78438566
HCDR3_83,40.3289053,-14.0144616,-12.3442102
HCDR3_84,-3.90283519,-3.38937577,-39.7773463
HCDR3_85,-5.98212673,3.36479985,-40.2921448
HCDR3_86,-5.31053981,-2.34074091,-39.5077016
HCDR3_87,27.123989,18.6589797,-29.6199724
HCDR3_88,6.20648523,0.71222787,-33.0891778
HCDR3_89,9.97167102,3.12128886,-27.9745891
HCDR3_90,35.9461029,15.4339449,-24.953709
HCDR3_91,16.1554077,-17.590519,-28.1606921
HCDR3_92,25.176043,21.8164155,-31.7837366
HCDR3_93,24.921566,-13.3478368,-25.591821
HCDR3_94,-0.654230376,29.2059364,-55.9075587
HCDR3_95,-19.1867071,3.13800995,-54.1442891
HCDR3_96,29.7321644,-14.225986,-23.295669
HCDR3_97,-19.1223959,-19.2573629,-46.9796217
HCDR3_98,-29.1694943,-0.371907759,-37.4903491
HCDR3_99,31.6152688,25.0532306,-12.8641245
HCDR3_100,-13.9267488,0.744643465,-31.6805131
HCDR3_101,-7.65704514,39.5483962,-43.5176042
HCDR3_102,-17.819041,-26.999218,-25.5934114
HCDR3_103,23.2710764,19.1736288,-13.0774756
HCDR3_104,-7.42416577,-5.66455203,-22.8787783
HCDR3_105,33.9997574,-14.1698338,-3.29328005
HCDR3_106,32.4833673,15.0339188,-13.3023923
HCDR3_107,29.7578663,17.7527612,-15.4785546
HCDR3_108,6.6683733,41.967447,-40.0412336
HCDR3_109,-10.4811154,17.9022757,-37.9729734
HCDR3_110,15.486821,31.5438102,-20.7195809
HCDR3_111,30.1816535,18.1232012,-9.98870874
HCDR3_112,16.6604265,33.1210034,-17.0011332
HCDR3_113,15.6945868,-17.9164458,-10.6091107
HCDR3_114,-14.244275,23.1368078,-36.9323005
HCDR3_115,-13.6956343,-0.618792716,-25.3259717
HCDR3_116,-25.983314,-24.3984084,-33.4876328
HCDR3_117,-2.46075067,4.32533575,-19.2236052
HCDR3_118,25.0417375,0.271748396,-8.96439101
HCDR3_119,9.54239014,-48.6411785,-7.83299736
HCDR3_120,-21.6744644,7.39726684,-38.8624712
HCDR3_121,-15.3001262,-36.9167674,-25.2023995
HCDR3_122,4.65200161,2.04127436,-15.4266089
HCDR3_123,32.2696135,-5.4994957,-5.72143261
HCDR3_124,-6.40624872,43.9922577,-48.0503564
HCDR3_125,-15.8396822,-29.9051129,-21.9084227
HCDR3_126,-6.63181094,2.67715799,-26.3362565
HCDR3_127,-8.44444757,-28.0176858,-22.2205041
HCDR3_128,5.51068305,-1.68438829,-11.91185
HCDR3_129,-21.6963328,-30.9344185,-34.1550261
HCDR3_130,24.4847499,-16.393795,-0.387062563
HCDR3_131,-8.4893153,-31.532463,-22.3596209
HCDR3_132,1.19886067,44.4817849,-48.344175
HCDR3_133,-36.1643533,11.3463803,-61.3703271
HCDR3_134,-0.278370843,-46.3154899,-18.2258433
HCDR3_135,16.4824874,-39.7975328,-7.88305867
HCDR3_136,0.860361131,4.29164486,-18.5706401
HCDR3_137,-4.45754138,-51.4455766,-19.8497865
HCDR3_138,33.1112787,-13.5996587,-6.24396565
HCDR3_139,10.7186461,31.4093145,-22.8036358
HCDR3_140,-31.0731958,-30.0250556,-35.0521528
HCDR3_141,12.3835355,38.7993841,-23.9978583
HCDR3_142,3.95626438,41.1900605,-15.5773591
HCDR3_143,19.0719104,-21.5175597,5.36635184
HCDR3_144,42.8260923,19.9007454,14.8145436
HCDR3_145,33.3007946,-23.2765184,24.2300336
HCDR3_146,1.90254848,-15.4821863,-0.760638542
HCDR3_147,-17.3497269,35.8495719,-29.376495
HCDR3_148,15.4881388,-40.0949611,11.2451086
HCDR3_149,-10.2977181,1.10777389,1.29722392
HCDR3_150,-31.0503794,-36.2489732,-6.8678796
HCDR3_151,14.232311,24.3708752,-4.15210826
HCDR3_152,-13.6472271,-1.67177507,-16.0628815
HCDR3_153,21.1607959,17.1162854,7.07217664
HCDR3_154,-1.7470918,-33.8425275,-0.113277497
HCDR3_155,33.0110666,18.7491048,2.02924796
HCDR3_156,2.83859768,-22.9170323,-4.75821908
HCDR3_157,40.7210837,17.6479974,13.2898114
HCDR3_158,-17.1731186,-26.1493187,-4.8507708
HCDR3_159,-5.16269758,-41.32352,-6.84442304
HCDR3_160,-21.8500018,-3.0531398,-16.9177026
HCDR3_161,27.624487,-2.23663306,13.5165999
HCDR3_162,32.0869536,21.8373483,0.662073953
HCDR3_163,23.712119,-16.6341555,13.3184322
HCDR3_164,18.733578,-25.1366228,9.99957983
HCDR3_165,6.94626255,-23.2797766,4.00911501
HCDR3_166,-8.17504721,-45.9055495,-2.95324826
HCDR3_167,-14.8864411,-39.9614813,-7.85741357
HCDR3_168,-15.5552114,-39.3848787,-5.36148948
HCDR3_169,27.9160509,-17.6856662,17.1073883
HCDR3_170,-25.927709,-6.7185903,-14.2747163
HCDR3_171,27.65561,-7.20694006,23.9847493
HCDR3_172,-26.8624771,18.8822368,-25.6730802
HCDR3_173,-46.483921,-17.1777324,-23.7039734
HCDR3_174,11.6020403,26.3967642,3.51261524
HCDR3_175,-2.15067055,37.2461241,-15.2024235
HCDR3_176,31.0316987,14.9122064,3.55842066
HCDR3_177,-2.9480381,-56.5831669,1.57424266
HCDR3_178,43.6021667,13.5444876,9.05558173
HCDR3_179,-8.19774374,0.419891408,-12.8223895
HCDR3_180,33.7859997,-6.52233758,19.3565347
HCDR3_181,28.6424945,2.87271406,8.68380357
HCDR3_182,-60.0737035,25.9506889,-28.5453382
HCDR3_183,-27.3785777,-36.0791238,-15.2871816
HCDR3_184,-20.8039944,-4.48356522,-13.2131472
HCDR3_185,5.89236211,-44.454259,7.77229511
HCDR3_186,-0.0737764433,-41.7311575,4.76181996
HCDR3_187,-48.247898,-21.8066727,-22.2702772
HCDR3_188,35.6168852,-1.2010053,14.156956
HCDR3_189,8.99579785,-49.6450409,12.5226585
HCDR3_190,22.1036584,31.9062451,-4.76192271
HCDR3_191,-1.36113071,3.70349042,-5.16543584
HCDR3_192,-22.4681659,-31.4940104,-7.3947381
HCDR3_193,5.76453182,-4.85857977,2.48842896
HCDR3_194,-23.4854213,-2.2554273,-12.7064014
HCDR3_195,-8.66674774,-3.08319075,-5.90355551
HCDR3_196,-30.5387426,-30.1041499,-15.1572431
HCDR3_197,-28.8930963,-39.8033104,-12.9934383
HCDR3_198,-5.07123003,-3.34043709,-3.16158482
HCDR3_199,-43.729774,-11.5348944,-23.5007176
HCDR3_200,17.2651307,-17.0242506,5.23689255
HCDR3_201,11.2177193,-35.3634068,2.6656489
HCDR3_202,-21.7981886,-24.7899633,-6.96654553
HCDR3_203,11.2007187,29.4591657,-0.887018758
HCDR3_204,-25.2509271,-11.6210283,-11.2440163
HCDR3_205,15.8578563,-41.6354612,5.16310549
HCDR3_206,17.8198,-15.2888031,11.6700003
HCDR3_207,3.47019474,51.5396441,-25.8467364
HCDR3_208,-27.2358662,50.5670471,-28.6998453
HCDR3_209,19.3464398,-48.559232,7.76495318
HCDR3_210,34.0775644,-9.18061015,11.9739124
HCDR3_211,-9.97729998,-53.2684423,0.981946864
HCDR3_212,-16.2419478,38.7774727,-33.8088585
HCDR3_213,27.9889475,-18.9206268,7.66162465
HCDR3_214,45.9243721,30.4388778,-0.0583749313
HCDR3_215,14.9981508,-50.3519345,9.09191983
HCDR3_216,-12.2211854,-48.9935029,-5.92929053
HCDR3_217,25.8813462,36.2418606,-6.0281679
HCDR3_218,-39.6348455,-41.0737801,-14.4901867
HCDR3_219,-33.7227729,-35.8718953,-17.3946002
HCDR3_220,25.6668678,50.9986961,6.97953506
HCDR3_221,16.572998,45.0927467,4.27201419
HCDR3_222,13.7079313,49.8120456,7.27274325
HCDR3_223,-31.9710165,45.5056307,7.01780041
HCDR3_224,6.88577605,-37.5364393,31.384665
HCDR3_225,-41.6464146,-26.2816301,2.51434269
HCDR3_226,-14.0971073,-21.8304144,36.0826241
HCDR3_227,-26.0675084,-48.2880876,27.398788
HCDR3_228,-8.96747759,1.99836399,31.1874961
HCDR3_229,6.706517,-13.4848712,44.0652567
HCDR3_230,-4.77268943,-45.6155652,30.7420358
HCDR3_231,15.6282787,-20.9666799,35.9673811
HCDR3_232,-29.1778081,-0.00434342332,-2.77832215
HCDR3_233,1.20573403,36.3961016,19.6934149
HCDR3_234,-27.8730386,-3.00755005,3.23297994
HCDR3_235,30.2438688,27.6326919,12.900047
HCDR3_236,3.67589113,-21.1801634,29.6596097
HCDR3_237,-19.466395,8.68765623,19.0496166
HCDR3_238,32.9086906,24.3616289,20.5909301
HCDR3_239,7.28955809,31.8809171,31.5583073
HCDR3_240,40.6913273,0.295590094,20.7993303
HCDR3_241,29.1373502,-23.9190492,25.6092223
HCDR3_242,-41.5878151,-35.0656063,17.7230741
HCDR3_243,-41.45527,28.8245433,8.26866492
HCDR3_244,-15.9888774,-35.5441203,38.9418288
HCDR3_245,26.9125127,3.62637463,42.5417229
HCDR3_246,-8.90483586,6.48786762,20.1146568
HCDR3_247,-50.8682496,-2.34745919,23.974632
HCDR3_248,6.15163505,43.1088332,7.39609485
HCDR3_249,-47.7340612,-33.2424265,16.7900117
HCDR3_250,3.50363187,-7.87843937,39.5277241
HCDR3_251,20.7372437,37.5456608,19.0540086
HCDR3_252,12.3688235,-0.203676875,24.8706291
HCDR3_253,-9.5731832,-0.390726039,27.9764767
HCDR3_254,3.91174223,-39.5599646,32.1722074
HCDR3_255,-62.6720711,-0.235918636,-11.2220653
HCDR3_256,-36.5774958,-28.6935145,14.997216
HCDR3_257,-45.9387711,-21.0822721,-3.84373825
HCDR3_258,1.86594684,36.5472156,16.9297195
HCDR3_259,-16.3741497,8.31352111,15.4758121
HCDR3_260,-2.41077163,3.35872096,41.0973581
HCDR3_261,-8.06246832,9.67770281,6.75305385
HCDR3_262,12.837039,27.3240715,17.1564695
HCDR3_263,13.864783,24.381538,22.344939
HCDR3_264,17.9040215,-23.8641719,26.3719373
HCDR3_265,2.51410953,-34.5055011,29.455054
HCDR3_266,-5.75558692,-25.828841,36.3140377
HCDR3_267,18.7578802,35.9232832,41.5686899
HCDR3_268,-13.0500046,4.02590355,34.8256771
HCDR3_269,32.8469086,30.7376722,32.734871
HCDR3_270,-56.3326704,36.4610856,-21.1458984
HCDR3_271,-47.5671727,-45.1405041,25.177737
HCDR3_272,-40.505515,23.6589662,18.008021
HCDR3_273,13.1402612,-7.88730938,59.7813988
HCDR3_274,18.1546834,38.8862385,21.7842348
HCDR3_275,-44.4441773,33.9391162,2.15959372
HCDR3_276,-37.0462602,37.8873251,26.8546057
HCDR3_277,-45.8705509,-8.82201431,13.8426812
HCDR3_278,-48.4967205,14.0443747,57.6619203
HCDR3_279,25.4080772,22.8821362,13.7680804
HCDR3_280,-42.4008059,3.99056814,45.7606133
HCDR3_281,-15.4833197,58.2910423,6.04122648
HCDR3_282,-33.1480122,6.17252967,0.38713337
HCDR3_283,-20.4242071,-33.1808272,39.8121831
HCDR3_284,-8.87003066,-18.7012569,63.4860521
HCDR3_285,37.6959358,-0.646145373,47.8611724
HCDR3_286,-8.93774304,-37.1900002,38.1540078
HCDR3_287,22.9836396,31.4826581,4.39405844
HCDR3_288,34.377289,15.7791554,35.9128414
HCDR3_289,-38.5404481,31.6630267,-5.53652489
HCDR3_290,-32.6625388,6.23615653,0.197019534
HCDR3_291,-16.5921675,4.31256394,18.3962404
HCDR3_292,-34.112145,-27.5844069,58.1856275
HCDR3_293,-41.108936,9.28126341,19.6760995
HCDR3_294,2.11749479,-31.6623601,31.6343085
HCDR3_295,-1.83687464,-38.8813304,37.0730942
HCDR3_296,-69.461364,-15.1205915,18.7022393
HCDR3_297,29.3208138,16.9258904,35.9069974
HCDR3_298,30.2718876,38.6576987,22.61199
HCDR3_299,14.2088848,-11.4351773,30.9028793
HCDR3_300,13.3020349,7.45891912,50.7559601
HCDR3_301,27.3604833,-23.8010373,49.2980349
HCDR3_302,17.0445705,42.8782383,6.71030608
HCDR3_303,-14.4490246,1.2592465,39.9232243
HCDR3_304,-18.4415795,41.7913917,25.8453645
HCDR3_305,5.86919805,31.6988937,6.65528341
HCDR3_306,17.7995295,4.72824113,39.7593429
HCDR3_307,-57.2971792,37.7000955,-19.4217986
HCDR3_308,14.5784841,-3.13395164,43.6135994
HCDR3_309,2.81137067,-10.2020748,54.9349827
HCDR3_310,0.313255775,-42.4207964,39.125447
HCDR3_311,-45.0984557,29.0117553,17.423544
HCDR3_312,8.06746585,59.2088699,20.0905974
HCDR3_313,-34.0093535,1.93787443,21.8459304
HCDR3_314,36.2939579,28.7708176,12.3696364
HCDR3_315,41.9043526,13.6833716,44.6871166
HCDR3_316,25.8092123,33.2869155,42.9555609
HCDR3_317,9.39799175,42.8135254,51.0526288
HCDR3_318,16.8604441,41.5195174,42.5964828
HCDR3_319,21.2384129,42.8828895,6.08151352
HCDR3_320,-13.1738483,53.6378006,54.3019143
HCDR3_321,-31.6893388,24.1352709,-6.797431
HCDR3_322,34.6058607,12.3248437,18.5324519
HCDR3_323,20.5301422,19.9775553,25.0236695
HCDR3_324,-28.2610589,-4.83327784,25.5264486
HCDR3_325,-23.2241661,38.440505,6.66250837
HCDR3_326,-40.9553745,43.872233,5.63178984
HCDR3_327,18.7199716,35.5136868,33.0119554
HCDR3_328,15.6044963,25.7041538,32.6328295
HCDR3_329,-30.9226495,-33.369436,4.2916335
HCDR3_330,20.8026294,40.236952,25.2585782
HCDR3_331,-22.6647979,14.778209,13.2251914
HCDR3_332,-13.4166832,-31.1330852,26.4644078
HCDR3_333,-7.622939,43.3452512,34.8279599
HCDR3_334,33.7063103,-16.9250614,35.8484281
HCDR3_335,20.3385152,-17.0861426,28.2276819
HCDR3_336,-19.3705777,-23.0375951,29.1341255
HCDR3_337,-30.5252927,-48.747464,19.4307743
HCDR3_338,-34.0391147,-44.7936415,17.5322578
HCDR3_339,-47.9012019,3.40428629,-21.9208841
HCDR3_340,7.10722329,-11.6030798,34.3164698
HCDR3_341,-32.0877723,-5.51548365,23.0136263
HCDR3_342,-18.7268489,48.7443236,-13.1742434
HCDR3_343,-34.902294,-6.77970453,14.5205644
HCDR3_344,1.56993887,34.8694633,12.8176622
HCDR3_345,-1.9830227,52.9220608,-5.15936586
HCDR3_346,35.1322066,-7.5240845,49.2532289
HCDR3_347,-23.9378237,51.0107583,-3.79441675
HCDR3_348,-28.565927,-4.87096076,37.4743431
HCDR3_349,-32.8480471,19.1806445,7.30138082
HCDR3_350,-33.5351125,-25.4310377,24.2097099
HCDR3_351,-25.8471672,-36.5801908,18.4750187
HCDR3_352,-30.0557395,19.0552533,30.553185
HCDR3_353,-13.5364712,-7.46739738,43.4725811
HCDR3_354,10.1453288,26.9387127,34.8481786
HCDR3_355,35.4903209,13.4281643,26.8591028
HCDR3_356,-54.0608576,19.4834437,-0.464618019
HCDR3_357,-45.9846699,16.7687325,5.12122474
HCDR3_358,19.6966401,-4.72388781,38.8208967
HCDR3_359,32.8692539,19.3648156,29.4313373
HCDR3_360,22.2107215,41.7124503,12.6836992
HCDR3_361,28.0876085,-6.13408499,54.6115375
HCDR3_362,0.462499153,-10.837421,51.2272692
HCDR3_363,3.79339586,45.4778101,13.4012735
HCDR3_364,18.9361681,-11.5829488,52.4142949
HCDR3_365,1.65405517,5.76546694,26.8468225
HCDR3_366,8.85782361,30.7348147,45.0153861
HCDR3_367,-11.3949725,59.9856323,13.5592203
HCDR3_368,-54.4050724,14.3498661,25.37221
HCDR3_369,16.1084043,-8.2540176,50.3997686
HCDR3_370,-37.2283983,24.0710844,9.5502238
HCDR3_371,-10.5081365,52.845042,28.0394523
HCDR3_372,25.4514724,-13.4617279,53.3699505
HCDR3_373,27.9797026,-18.6893183,42.6996757
HCDR3_374,-1.33994256,48.7054048,41.1819094
HCDR3_375,-16.0565114,23.8678054,34.8936968
HCDR3_376,43.5205381,14.5193793,23.2505662
HCDR3_377,30.271053,-6.07693494,50.9730485
HCDR3_378,-30.1651393,-31.6052495,32.5051539
HCDR3_379,-22.2914131,-33.7295897,26.8350242
HCDR3_380,25.1752607,18.3268682,28.5456584
HCDR3_381,-30.9732865,55.253251,26.8986488
HCDR3_382,-41.9467263,18.0336747,26.3227501
HCDR3_383,-8.86188783,2.56533143,33.710183
HCDR3_384,-24.6033441,39.1625794,-10.7424914
HCDR3_385,-33.5694251,33.1369658,-11.5855163
HCDR3_386,-16.0695335,32.4485526,38.1199262
HCDR3_387,-20.1358857,-7.5204288,32.5075117
HCDR3_388,4.31722542,-5.50586248,15.5967696
HCDR3_389,1.31027626,43.1485847,24.7879959
HCDR3_390,-11.9860499,45.9169672,4.66293845
HCDR3_391,29.2252297,41.2952576,23.6789974
HCDR3_392,15.7226511,-9.37448255,57.1085093
HCDR3_393,-30.0177546,40.1765058,10.1466259
HCDR3_394,5.9501715,4.73327604,41.6577241
HCDR3_395,-52.633588,-5.00611217,6.54551061
HCDR3_396,-36.9332653,21.5515404,-15.0616511
HCDR3_397,-24.2831028,-24.6198824,28.480643
HCDR3_398,31.0146265,25.6222477,37.0623604
HCDR3_399,14.8966142,38.7727859,3.00912991
HCDR3_400,-7.28189618,39.4502672,21.5797948
HCDR3_401,-26.6403844,30.6965493,45.9549059
HCDR3_402,10.170468,46.1712293,47.5229992
HCDR3_403,-32.9038885,47.3451236,7.8953782
HCDR3_404,-1.92704436,22.1967711,53.1007419
HCDR3_405,-20.4155533,6.01101692,38.664846
HCDR3_406,-56.2976954,-17.2262925,21.3675698
HCDR3_407,7.7453723,37.4856435,1.70161868
HCDR3_408,-1.72434556,25.5001343,41.3804333
HCDR3_409,-28.4884546,-40.9151656,27.0974559
HCDR3_410,-41.9889479,-10.7958214,40.1886785
HCDR3_411,-6.60741246,21.5341757,51.1128923
HCDR3_412,-16.3158679,22.9920726,52.4941112
HCDR3_413,-58.5785168,3.57185179,6.55259056
HCDR3_414,4.24372502,32.8132643,26.7065848
HCDR3_415,-10.8560608,12.9444116,43.4626252
HCDR3_416,-60.2626847,9.21188051,-12.3948027
HCDR3_417,-40.6493435,30.1135305,-9.15196186
HCDR3_418,-45.3251483,24.0952842,15.6989435
HCDR3_419,-16.797985,2.32002474,22.4158393
HCDR3_420,-43.1189482,-26.6840288,49.4295295
HCDR3_421,-7.56198571,41.1949928,18.7260628
HCDR3_422,16.4593542,22.1245661,32.3374799
HCDR3_423,-0.820443574,47.1427462,39.2458914
HCDR3_424,-10.7674639,27.2959391,52.2401562
HCDR3_425,-40.663514,49.1185739,9.61482174
HCDR3_426,-18.8542637,64.0237015,-7.32973328
HCDR3_427,-45.8866278,3.6096413,26.1826753
HCDR3_428,-7.99301164,56.3227417,12.8108684
HJ_1,-0.982508252,1.38982844,-0.493567225
HJ_2,-1.05432803,-2.48793281,-1.69269573
HJ_3,-0.937026285,4.29881537,0.225004255
HJ_4,-0.687992824,1.8725304,5.81203577
HJ_5,-0.608795941,-1.69072523,7.84015625
KV_1,-4.884924,37.0837739,-12.5866058
KV_2,-28.824606,32.2701665,11.9662464
KV_4,-6.27762312,52.7731663,-6.28934698
KV_5,-6.48422288,55.7717123,-6.27230955
KV_6,-13.6753885,69.1179628,12.2869783
KV_7,-16.1080211,73.4522144,13.3295202
KV_8,4.25577047,37.5863119,-11.3614581
KV_9,34.5991283,8.77248883,-21.5881656
KV_10,26.2077682,25.1076413,-42.1491135
KV_11,5.73956891,31.4520081,2.5051618
KV_12,2.68145123,25.9631898,7.26231016
KV_13,-17.3823886,13.9590411,-21.6838993
KV_14,-20.9080718,11.7350266,-26.1159006
KV_15,-10.3956622,13.8361944,-21.5593636
KV_16,-10.1753143,57.2805269,24.533
KV_17,-51.2566383,50.4134271,7.70627516
KV_18,-19.6342972,31.4800363,3.2052967
KV_19,1.36049509,39.8532255,19.634879
KV_20,35.5357203,61.3245266,31.3272277
KV_21,25.8961403,72.3614115,29.2941854
KV_22,30.9672872,62.504105,29.2306006
KV_23,29.3435342,62.72858,11.756549
KV_24,42.6310212,57.6666816,14.0804036
KV_25,49.5200541,60.8918786,9.93639192
KV_27,23.7699807,23.7068697,14.3505831
KV_28,46.3763388,54.0856235,17.5434349
KV_29,23.3083829,83.3295576,20.8544729
KV_30,26.1249292,69.9169174,5.32636264
KV_31,44.2360505,83.2955255,-1.75223064
KV_32,-1.99494311,45.9712404,-26.7450378
KV_33,-1.39075358,47.3455545,-32.6921231
KV_34,-23.2618812,72.2423834,-28.4633114
KV_35,-19.1832115,60.0451417,-15.8462335
KV_36,-44.4697888,60.5712198,-45.8074182
KV_37,-75.1621241,38.4890849,-18.2033864
KV_38,79.9068871,-228.045371,4.43808539
KV_39,62.3610504,-171.480369,-120.280081
KV_40,99.4026139,-175.046602,-24.8701606
KV_41,35.8379799,-191.627578,-59.0664118
KV_43,92.6227168,-151.291321,-96.3169206
KV_44,93.4283678,-173.784592,-56.302534
KV_45,74.0885406,-192.985329,-23.0036197
KV_46,56.5784754,-230.411741,2.3261151
KV_47,60.2579254,-173.129519,-131.960588
KV_48,-27.9874339,-217.096449,-72.6192811
KV_49,38.7423552,-200.398825,-67.5852114
KV_50,38.6490309,-194.916204,-61.6456596
KV_51,-51.0555895,-46.0121961,41.0900937
KV_52,-50.9365348,-51.9412484,42.5648326
KV_53,-44.4780785,-29.2137857,78.7932311
KV_54,-38.1615752,-74.7560968,31.3240011
KV_55,-14.6582586,-45.1444302,58.5481254
KV_56,-21.1035675,-40.6442934,53.6267983
KV_57,-11.5394265,-49.037952,62.0758753
KV_58,-45.3607254,-39.6524297,68.5530832
KV_59,-61.1764326,-38.2978126,32.803996
KV_60,-50.487213,-56.8058991,73.4979908
KV_61,-71.2784071,-34.8831794,39.5600825
KV_62,-48.8150892,-69.4640936,24.6888499
KV_63,-33.6295036,-39.187357,53.7735043
KV_64,-64.3143712,-40.1819439,36.2565649
KV_65,-45.6680971,-28.1058235,84.7366478
KV_66,-59.0407581,-77.7647225,17.8866155
KV_67,127.368932,-93.6568498,30.9149481
KCDR3_1,-35.6981741,51.1902049,3.78317016
KCDR3_2,-44.1242247,18.465191,15.545282
KCDR3_3,-29.5772831,22.9764224,-5.00221232
KCDR3_4,-22.6839374,18.2171488,36.8084114
KCDR3_5,1.00072052,40.9800107,27.3819786
KCDR3_6,-26.5704469,32.1560238,18.4587243
KCDR3_7,-20.5273539,28.7496517,-20.8446811
KCDR3_8,3.7367661,40.8259635,10.9711214
KCDR3_9,1.85850155,39.9535607,15.5909188
KCDR3_10,-3.62727195,44.8955911,14.6330209
KCDR3_11,7.53098323,36.0406988,5.10903728
KCDR3_12,-22.6565807,19.8883676,-10.3743071
KCDR3_13,-27.9719423,17.6092428,3.79711872
KCDR3_14,16.3543929,42.681461,-16.702821
KCDR3_15,13.5854957,36.820506,21.9723354
KCDR3_16,25.0496178,30.7850229,11.9705555
KCDR3_17,-16.3256349,32.3774402,11.4042852
KCDR3_18,-6.4145041,26.4112598,-15.9083558
KCDR3_19,-28.7278572,24.620192,-19.7360094
KCDR3_20,15.0765326,29.4906353,-1.29420285
KCDR3_21,-21.5715521,-3.17378315,-10.8063014
KCDR3_22,-21.6599157,-6.45532434,-14.232699
KCDR3_23,-27.4856669,24.6635804,-1.09461327
KCDR3_24,-23.0331564,32.6194517,-3.78384204
KCDR3_25,-15.7471725,30.6091056,-2.58632039
KCDR3_26,3.8071442,39.1954211,-13.1247633
KCDR3_27,8.35755045,26.1123704,-24.5787046
KCDR3_28,2.59574148,29.8140288,-14.8778526
KCDR3_29,-12.016795,28.8357104,33.5370235
KCDR3_30,-6.24582664,10.8803493,29.1113169
KCDR3_31,6.90611152,2.33027725,32.6637145
KCDR3_32,12.8294644,6.82724023,34.5671852
KCDR3_33,17.5446202,-10.1018228,24.2196207
KCDR3_34,-8.31878807,-29.8498804,9.14175511
KCDR3_35,-1.99000584,-22.1787294,26.0576297
KCDR3_36,-4.79716081,-18.2311482,28.7857672
KCDR3_37,-0.989776545,-14.5381529,34.7989817
KCDR3_38,7.47825454,-28.6046534,21.5808863
KCDR3_39,11.725371,-30.6638277,21.8575637
KCDR3_40,23.8822424,-3.11265275,4.62109257
KCDR3_41,23.2599398,1.17040962,8.48647619
KCDR3_42,29.5521896,-11.7609404,-3.01761861
KCDR3_43,-8.73676485,-17.9783933,-22.9989991
KCDR3_44,1.71032106,-24.1024069,-27.9133309
KCDR3_45,-7.28974527,-17.7547302,-25.9472369
KCDR3_46,-1.64005755,1.90653565,-32.6520932
KCDR3_47,5.54321194,13.4011371,16.6453222
KCDR3_48,11.7930782,10.8763259,13.717344
KCDR3_49,15.4902062,5.33155729,18.4562423
KCDR3_50,-13.1302607,-12.1977334,29.9091822
KCDR3_51,-20.2984969,-9.04142798,5.21247666
KCDR3_52,-12.062947,-20.3606641,-1.18700663
KCDR3_53,6.65919284,-26.2881727,-12.7641253
KCDR3_54,-14.1105009,-7.27245603,20.2954972
KCDR3_55,-6.58027907,-22.4258819,13.8132573
KCDR3_56,-9.89739058,-14.0011156,-12.8135293
KCDR3_57,-19.1739811,-6.47364044,-8.18276543
KCDR3_58,-2.92164706,-22.7572688,-11.8219682
KCDR3_59,-12.3178145,-16.2996215,-6.66741422
KCDR3_60,-19.4837841,-17.0949324,6.01392643
KCDR3_61,-20.8011704,-11.4814208,7.86042072
KCDR3_62,-11.70514,-26.0491204,0.00414618635
KCDR3_63,-33.748353,-1.26674666,12.1386165
KCDR3_64,-30.0916215,-9.9452717,2.71583705
KCDR3_65,-4.59413321,10.1098807,25.1026785
KCDR3_66,-7.99532341,-9.63045644,14.3800743
KCDR3_67,-10.1233584,-3.688527,15.9460038
KCDR3_68,31.3810165,7.46819576,-29.214628
KCDR3_69,36.0351203,-3.28313592,-31.980039
KCDR3_70,27.1153607,7.10455493,-26.5038888
KCDR3_71,31.7562381,-4.37987188,-28.7600672
KCDR3_72,33.2517107,6.95915837,-15.8788658
KCDR3_73,30.7154966,10.5745544,-13.3457054
KCDR3_74,38.2543168,-3.48654778,-20.3024458
KCDR3_75,23.9667202,0.0747995127,17.890445
KCDR3_76,22.2244546,3.95419407,21.1421251
KCDR3_77,30.4882966,-9.30156792,11.9251649
KCDR3_78,40.3270133,9.72619175,6.35326142
KCDR3_79,42.0940793,-8.45774292,-4.86136602
KCDR3_80,22.8806185,10.3417319,4.00593995
KCDR3_81,20.6079575,14.6830332,3.93546427
KCDR3_82,27.0915673,-10.4643631,4.91638641
KCDR3_83,3.31840299,2.68166376,4.58863493
KCDR3_84,13.7968696,-13.1509791,-4.69111282
KCDR3_85,-10.4239301,7.35447984,9.06654697
KCDR3_86,13.762044,21.6467204,2.72760129
KCDR3_87,1.59973959,-0.904490798,-7.34055418
KCDR3_88,9.96659081,-15.0990631,-15.4070316
KCDR3_89,0.320816075,-4.74892682,16.2038036
KCDR3_90,-0.278966323,0.597533075,15.7064894
KCDR3_91,-1.55827844,4.33363984,21.7060684
KCDR3_92,9.4089616,-13.1897996,11.7214994
KCDR3_93,3.4088277,-4.98878459,15.5200798
KCDR3_94,9.62204279,-8.04127182,2.73705019
KCDR3_95,16.3294766,-17.8727375,-5.0139925
KCDR3_96,-6.22239951,4.20794162,11.8010419
KCDR3_97,-3.62045277,-5.63763195,15.1236225
KCDR3_98,-5.72737463,4.22572309,21.1642549
KCDR3_99,5.52510404,-13.7452386,11.181072
KCDR3_100,0.499860232,-9.67086342,1.14000168
KCDR3_101,12.2287579,-22.3876502,-8.27190598
KCDR3_102,3.08345552,-19.2685667,-2.72674013
KCDR3_103,16.0300164,6.82499479,-9.11534131
KCDR3_104,12.8278001,10.0246732,-6.41992221
KCDR3_105,18.0255599,15.9371011,-7.74520001
KCDR3_106,21.2080693,-2.59928312,-16.0765987
KCDR3_107,4.92333248,-2.58832397,-21.5575873
KCDR3_108,-5.26486065,9.32983819,7.18123836
KCDR3_109,23.3090598,-2.22671396,-13.3152024
KCDR3_110,13.7769816,2.37944259,12.7845292
KCDR3_111,22.4307122,-13.5276826,3.5474751
KCDR3_112,0.148268706,-32.653407,-8.43812476
KCDR3_113,-2.53150958,-26.5122441,1.45190279
KCDR3_114,12.6410547,-31.7614932,-8.23333182
KCDR3_115,0.79969184,-7.6028914,-3.44783507e-05
KCDR3_116,-1.76097051,-3.09625271,1.47744663
KCDR3_117,8.11275856,-15.8618066,-6.24381895
KCDR3_118,-0.215108227,-10.952118,-1.53534173
KCDR3_119,27.1248545,-6.14775345,4.77766152
KCDR3_120,9.86962867,2.01667931,20.1095609
KCDR3_121,19.1473174,-11.0037504,11.7402023
KCDR3_122,12.9653023,3.24441983,7.79154427
KCDR3_123,10.9190449,7.12091686,11.1959633
KCDR3_124,20.5650884,-7.92190407,3.9204291
KCDR3_125,10.6178634,-19.0041878,2.13715644
KCDR3_126,7.5028977,-13.1390173,4.03215614
KCDR3_127,18.7746728,-22.809341,-6.04592011
KCDR3_128,21.4840608,-14.0266146,7.98258104
KCDR3_129,20.7373244,10.3132154,-4.12315617
KCDR3_130,22.3639252,-1.64083192,-8.2453037
KCDR3_131,-35.9958948,5.63398299,-15.1853821
KCDR3_132,-8.91043923,2.11215621,-19.4266564
KCDR3_133,-12.5423134,4.72516599,-14.1748836
KCDR3_134,-12.2034587,11.9372807,-16.8488762
KCDR3_135,-0.00501834449,-4.27140622,-25.4059189
KCDR3_136,-9.46431007,0.122498003,-22.0708937
KCDR3_137,-8.18716621,-3.50563885,-11.4619377
KCDR3_138,-6.98595129,-10.0298336,-18.8613089
KCDR3_139,-20.1016045,-5.12465604,-9.08632279
KCDR3_140,-12.9974397,-6.03642989,0.657668721
KCDR3_141,-14.8329885,-1.31082062,1.00420517
KCDR3_142,-6.70606413,-15.4034969,-6.05450834
KCDR3_143,-3.9199686,11.4013222,-18.6000944
KCDR3_144,-5.52694583,11.469231,-6.77513404
KCDR3_145,-4.27975349,10.5120571,-6.15711392
KCDR3_146,3.51256384,-3.03527486,-16.750685
KCDR3_147,2.45478591,10.8982351,-16.4181761
KCDR3_148,-8.13871462,-19.5553987,-7.52341206
KCDR3_149,-2.72414018,-3.04929458,-21.5890931
KCDR3_150,-1.14688875,-0.680842879,-9.22935977
KCDR3_151,7.54315632,-13.4433831,-16.6138248
KCDR3_152,-7.70331934,2.46517207,-27.8665731
KCDR3_153,-8.00517418,4.88265307,-15.747976
KCDR3_154,2.74587875,-9.17762016,-24.6481479
KCDR3_155,-6.64405377,-4.55727064,-9.14795892
KCDR3_156,5.08082385,-16.8209159,-19.2110922
KCDR3_157,-4.45652348,-13.39218,-12.923813
KCDR3_158,-6.46606317,-0.742749971,3.34162248
KCDR3_159,2.18349829,-11.982764,-1.40548674
KCDR3_160,-1.12545952,-5.9902754,-8.78975963
KCDR3_161,-3.00576912,0.206306955,-5.62098909
KCDR3_162,4.48041598,-12.6154482,-14.3763375
KCDR3_163,10.0776896,10.7842058,-17.1548669
KCDR3_164,16.2874474,16.0738573,-19.3112964
KCDR3_165,18.6973193,-2.71783724,-25.8440158
KCDR3_166,7.01702086,10.0937347,-8.20828222
KCDR3_167,16.1137155,-2.63919549,-17.997488
KCDR3_168,11.5610749,8.97816935,-19.08799
KCDR3_169,8.07350634,-1.05215881,-11.0786937
KCDR3_170,7.06450288,3.20576161,-7.16994956
KCDR3_171,13.7741703,-9.85485156,-18.097815
KCDR3_172,9.04989759,-13.5562903,26.4767139
KCDR3_173,4.18887668,-11.304649,28.4208277
KCDR3_174,8.67115208,-6.05556574,32.7226232
KCDR3_175,16.137706,-20.5235744,19.7736095
KCDR3_176,-6.10911222,-24.1124419,23.7151605
KCDR3_177,6.49057993,-34.5432958,14.9519464
KCDR3_178,-13.5078867,-22.2467124,3.50123646
KCDR3_179,-3.39822709,-29.7525519,-2.10246827
KCDR3_180,-0.730673187,-34.396447,25.7565272
KCDR3_181,6.80638091,-31.384864,34.4524138
KCDR3_182,13.1757761,-42.0190159,19.4885657
KCDR3_183,23.4214452,-39.1447067,-0.157280241
KCDR3_184,43.5568993,-24.457903,-32.2980145
KCDR3_185,37.8656916,-29.2350071,-6.46261409
KCDR3_186,11.4838785,-35.0734968,-40.1428017
KCDR3_187,-7.20436677,-46.6676651,-23.3913128
KCDR3_188,-8.77153747,-40.9878564,-17.3576376
KCDR3_189,7.21740271,-46.1681002,-24.4350461
KCDR3_190,-23.3798292,-13.7830083,-30.7203944
KCDR3_191,-23.1908711,-23.5596054,-18.6694886
KCDR3_192,-22.2250517,-23.1552257,-17.2845651
KCDR3_193,-17.7333576,-29.4033025,-23.0330052
KCDR3_194,-15.9985104,-32.2085603,-30.1084656
KCDR3_195,-14.3870181,-31.369398,21.441582
KCDR3_196,11.1913308,-21.0283232,-55.5277619
KCDR3_197,2.37627973,-5.94461524,-60.1833816
KCDR3_198,-39.6756104,-20.9553225,-50.8271443
KCDR3_199,-51.5185925,-51.6952421,41.906584
KJ_1,-1.76690524,-0.265750454,0.101712976
KJ_2,-4.12133817,-1.37082016,-1.39490055
KJ_3,10.3732484,-2.42861446,0.728675528
KJ_4,1.23418282,4.98875531,5.4781373
KJ_5,-6.58232648,-2.3529239,-2.8032321
LV_1,-59.3681555,-96.4457341,-6.60227043
LV_2,-18.4626158,-13.297698,99.5382506
LV_3,-17.6549843,-12.0951413,102.339431
LV_4,-16.4998625,-8.91935542,106.147542
LV_5,47.2481962,-58.5639381,79.886532
LV_7,-36.2900789,-53.5898037,42.7442547
LV_8,-29.5391087,-76.6977674,51.3058514
LV_9,-32.8993429,-72.2778575,50.101907
LV_10,-30.0451891,-24.8853377,101.995027
LV_11,25.2188571,-61.8105873,38.3294142
LV_12,24.7168561,-58.0612305,38.0198043
LV_13,118.770397,95.1470218,98.3500962
LV_14,115.709419,104.584418,88.96626
LV_15,125.742356,93.8488647,108.657347
LV_16,-85.5601143,22.5704595,15.0600492
LV_17,-88.7441654,66.799065,2.47061634
LV_18,-83.0600762,80.5720557,-18.153901
LV_19,-48.3547412,73.1272552,25.1564673
LV_20,-42.7625863,73.495769,22.1941229
LV_21,-50.724919,79.2646849,30.6008226
LV_22,-82.7381016,79.6204102,-9.69029158
LV_23,-67.8713508,34.1995542,0.621557808
LV_24,-64.2779056,30.7614547,-6.2363481
LV_25,48.394436,79.1628565,-121.757156
LV_26,27.444748,-32.564757,-148.229314
LV_27,18.7164976,-31.7191453,-155.433024
LV_28,179.875724,-18.6551524,-85.6314857
LV_29,175.175397,-16.9153118,-84.0561599
LV_30,118.953546,-40.6783122,-92.3696681
LV_31,116.994078,-27.8505473,-86.6152187
LV_32,117.261281,-32.0432728,-86.8170751
LV_33,27.1396318,1.62697099,-131.550767
LV_34,31.6786856,-2.69053512,-130.78988
LV_35,45.5251161,13.6030701,-167.097887
LV_36,131.573349,12.1137137,-107.085867
LV_37,135.700002,31.0246581,-97.5527263
LV_38,-88.3807906,-122.86185,-64.9862613
LCDR3_1,-9.17177263,-30.1045637,-27.6087116
LCDR3_2,-7.98515739,-37.6687933,-20.6073842
LCDR3_3,29.1615745,-18.4267149,-46.0267593
LCDR3_4,-8.16903099,-6.47265874,-37.8173352
LCDR3_5,-1.04009245,16.2243814,-39.0923056
LCDR3_6,11.1400297,32.0226734,-4.44305354
LCDR3_7,-0.886312047,22.7776461,-10.3929274
LCDR3_8,-14.721639,17.0991084,-32.9634975
LCDR3_9,9.07924719,31.5392034,-27.7009451
LCDR3_10,-11.8656906,8.47224766,-15.3009247
LCDR3_11,12.0390873,-2.60181316,-42.3305747
LCDR3_12,24.3085619,5.43628781,-31.1157924
LCDR3_13,20.7023822,12.6068166,-33.9279723
LCDR3_14,-8.10897594,36.1204783,-28.3665902
LCDR3_15,9.92518931,-10.992165,15.2959062
LCDR3_16,6.81233184,-25.5777194,17.7703434
LCDR3_17,10.3148136,-18.0353321,17.2546199
LCDR3_18,10.0050722,-6.18169814,13.6582333
LCDR3_19,45.5635407,-4.15184814,-16.5649287
LCDR3_20,18.3164424,14.8007337,12.5751015
LCDR3_21,15.9598777,12.1386772,11.3281794
LCDR3_22,21.2931964,7.09502709,13.6060043
LCDR3_23,-6.6306508,17.5468496,6.41219795
LCDR3_24,46.4268233,-13.4465779,1.74871435
LCDR3_25,9.85607935,-15.1075021,-9.75085882
LCDR3_26,-20.1014997,2.62826424,2.20640901
LCDR3_27,-16.5754431,2.09429203,1.05752347
LCDR3_28,-21.5832989,-10.3007014,4.30056212
LCDR3_29,9.91734246,6.92993324,4.6252722
LCDR3_30,34.376399,16.9553839,-14.8955148
LCDR3_31,33.3687076,1.83493582,-15.5258093
LCDR3_32,-4.23950174,-20.5996844,45.2165881
LCDR3_33,-8.47300176,-9.02898621,36.9788455
LCDR3_34,7.34437049,20.2404363,30.0114396
LCDR3_35,7.49882851,7.30375828,37.4981607
LCDR3_36,-37.6876014,-19.5436324,40.544814
LCDR3_37,-37.9218804,-10.6461235,37.1606547
LCDR3_38,-5.12039207,64.1283026,35.9399403
LCDR3_39,-24.2968721,34.2692781,24.0913359
LJ_1,8.54840985,-1.36578912,0.539575627
LJ_2,-2.47656575,-1.8295929,-0.194047278
LJ_3,-7.30808884,-2.31005548,-8.45483697
LJ_4,1.58383509,-12.1584976,-1.77901533
LJ_5,5.75935475,-2.04911514,3.32787887
LJ_6,-6.07512046,-3.20158867,-1.29087485
LJ_7,-9.17141211,-4.9259922,0.573101961